<?xml version="1.0" encoding="UTF-8"?>
<project-private xmlns="http://www.netbeans.org/ns/project-private/1">
    <editor-bookmarks xmlns="http://www.netbeans.org/ns/editor-bookmarks/2" lastBookmarkId="0"/>
    <open-files xmlns="http://www.netbeans.org/ns/projectui-open-files/2">
        <group>
            <file>file:/Users/alexandermorales/Documents/Java%20Aplications/RegistroClinico/web/Usuarios/nuevo.jsp</file>
            <file>file:/Users/alexandermorales/Documents/Java%20Aplications/RegistroClinico/src/java/modelo/Usuarios.java</file>
            <file>file:/Users/alexandermorales/Documents/Java%20Aplications/RegistroClinico/web/Usuarios/index.jsp</file>
            <file>file:/Users/alexandermorales/Documents/Java%20Aplications/RegistroClinico/web/Usuarios/ver.jsp</file>
            <file>file:/Users/alexandermorales/Documents/Java%20Aplications/RegistroClinico/web/index.html</file>
            <file>file:/Users/alexandermorales/Documents/Java%20Aplications/RegistroClinico/src/java/modelo/UsuariosCRUD.java</file>
            <file>file:/Users/alexandermorales/Documents/Java%20Aplications/RegistroClinico/src/java/config/Conexion.java</file>
            <file>file:/Users/alexandermorales/Documents/Java%20Aplications/RegistroClinico/web/Usuarios/editar.jsp</file>
            <file>file:/Users/alexandermorales/Documents/Java%20Aplications/RegistroClinico/src/java/controlador/UsuariosController.java</file>
        </group>
    </open-files>
</project-private>
